2,Jane,Smith,jane.smith@example.com,9876543210,456 Elm St,2025-05-04,10
3,Alice,Johnson,alice.johnson@example.com,5551234567,789 Oak St,2025-05-04,10
4,Bob,Brown,bob.brown@example.com,4449876543,321 Pine St,2025-05-04,10
5,Charlie,Davis,charlie.davis@example.com,3334567890,654 Maple St,2025-05-04,10
6,Diana,Evans,diana.evans@example.com,2221234567,987 Birch St,2025-05-04,10
7,Ethan,Foster,ethan.foster@example.com,1119876543,159 Cedar St,2025-05-04,10
8,Fiona,Garcia,fiona.garcia@example.com,6664567890,753 Walnut St,2025-05-04,10
9,George,Harris,george.harris@example.com,7771234567,951 Chestnut St,2025-05-04,10
10,Hannah,Ivy,hannah.ivy@example.com,8889876543,357 Spruce St,2025-05-04,10
1,Alan,Harper,alan@mail.com,1188833445,fake st 123,2025-05-04,10
304,Ignacio,Navarro,ignacio@mail.com,559958789,medellin,2025-05-04,60
